X,Y
97,65
47,94
50,61
64,19
33,67
37,39
37,66
91,31
1,18
60,1
25,87
17,71
51,65
16,5
82,47
66,44
30,39
99,77
13,67
76,61
76,29
23,45
62,95
32,28
36,24
18,15
15,66
40,71
19,91
73,87
78,82
26,32
39,85
50,12
53,92
48,75
21,93
88,16
80,41
91,52
40,58
5,33
76,2
88,23
64,97
31,27
34,29
49,81
70,93
98,18
51,95
7,84
13,56
84,35
59,89
50,8
77,4
60,4
82,20
89,20
74,1
73,79
64,90
89,16
100,92
37,34
87,17
92,63
55,27
7,79
26,71
35,49
22,78
2,83
63,70
57,79
35,1
60,99
89,59
44,19
34,38
63,85
72,50
47,66
73,2
65,95
20,80
3,32
1,8
43,89
3,49
8,18
56,13
77,49
47,92
62,31
78,9
18,88
57,30
93,33
43,88
50,27
57,24
42,16
6,32
46,64
69,77
2,75
13,72
80,30
47,45
81,8
82,64
87,7
90,47
41,76
63,49
2,100
87,42
81,62
76,75
88,83
51,52
59,44
71,61
50,81
49,27
33,89
62,67
98,16
73,6
85,70
80,71
59,11
47,70
90,84
30,23
100,47
1,33
66,82
7,81
75,90
99,3
57,57
20,31
58,7
91,71
40,60
98,44
93,95
68,84
23,98
3,34
74,98
26,64
85,63
65,6
61,23
19,69
75,88
28,70
89,7
47,69
51,79
50,71
59,37
91,87
88,89
17,23
64,60
17,95
59,67
87,75
44,64
85,39
24,84
14,61
72,58
84,61
86,61
7,21
68,82
29,86
30,60
60,63
86,67
35,81
44,100
99,32
3,74
71,29
80,59
63,87
46,17
32,79
3,9
20,76
99,45
42,41
75,42
19,27
74,71
33,20
96,49
38,63
8,97
5,49
50,72
73,52
82,51
50,88
20,86
9,83
5,43
61,86
10,58
1,46
37,9
62,90
22,16
78,93
94,83
64,21
34,59
9,92
91,38
9,63
31,97
79,8
100,29
84,4
80,100
4,83
14,60
8,32
32,99
3,59
80,52
23,73
53,59
77,21
32,57
17,85
69,90
9,22
52,96
99,90
82,35
71,48
69,63
59,54
86,54
88,48
75,70
17,86
79,68
3,23
53,62
26,33
60,30
41,50
57,37
26,39
64,76
25,76
38,38
91,79
49,6
21,63
99,98
66,41
68,45
59,80
75,92
18,59
96,66
68,33
75,87
18,49
18,100
20,27
35,45
19,61
86,44
68,36
73,44
70,35
27,64
14,15
20,50
62,17
16,36
92,83
50,35
48,80
90,58
15,72
79,32
47,6
45,45
21,65
22,2
92,58
68,46
6,12
39,61
54,30
25,52
85,43
99,53
86,9
51,93
57,13
65,64
28,34
2,67
72,5
12,80
79,52
54,99
87,59
31,12
65,87
30,99
78,60
41,32
59,24
78,24
73,27
6,85
9,27
15,14
7,15
80,78
12,27
36,93
77,11
25,99
15,88
54,57
77,38
22,76
19,77
69,54
48,36
100,52
24,3
29,42
42,72
85,69
51,92
8,88
30,6
23,17
76,39
10,43
83,95
42,94
63,47
22,74
83,17
5,13
23,77
22,1
22,46
56,90
17,11
16,62
91,46
36,60
33,37
80,7
98,43
83,63
99,5
29,6
96,36
86,34
31,1
12,73
100,25
16,94
25,64
100,9
99,51
3,54
39,4
90,50
59,6
11,5
8,92
57,42
76,34
6,81
96,19
12,1
55,87
40,46
64,51
16,97
32,95
66,49
37,19
90,1
14,19
15,54
69,72
56,36
21,1
44,70
58,31
13,89
51,48
99,52
34,69
36,4
67,40
24,43
19,42
87,54
83,44
89,100
17,70
52,70
87,32
62,96
24,94
92,61
46,53
72,88
86,78
2,54
100,8
83,46
24,34
87,25
91,57
17,89
72,70
72,68
78,47
92,14
85,20
25,17
34,7
23,54
11,54
13,83
64,43
29,88
21,81
14,58
69,76
30,47
29,51
53,32
34,83
92,10
10,28
92,71
24,16
65,21
17,79
86,12
50,74
66,10
30,25
21,39
69,27
97,15
100,37
40,14
65,26
77,58
28,5
70,47
95,69
63,30
48,21
86,29
94,49
68,28
25,23
59,73
97,25
97,52
8,12
93,84
10,20
65,52
31,88
81,31
83,34
66,96
98,66
75,44
94,71
60,60
22,40
12,95
34,31
45,35
88,32
12,78
35,85
79,13
32,70
42,23
13,99
79,64
19,73
78,97
90,45
35,82
12,34
63,86
91,65
4,50
60,86
72,82
51,88
67,73
63,22
10,11
28,86
32,8
80,94
24,98
14,47
32,89
43,67
9,38
39,36
83,59
52,14
34,60
80,87
47,65
93,15
49,45
9,82
39,100
11,42
53,23
37,30
80,65
53,61
40,47
31,44
70,8
50,95
52,12
50,76
66,37
100,6
16,87
76,15
97,98
14,80
26,55
17,72
73,76
2,16
87,14
41,11
20,20
42,75
38,27
12,79
85,33
17,56
25,77
84,87
51,67
67,28
74,87
4,6
71,84
89,46
12,92
31,87
84,59
97,39
34,44
40,11
74,59
24,77
42,47
44,1
83,84
56,52
79,92
33,31
97,4
60,28
32,86
99,73
52,44
57,34
12,68
29,79
42,27
10,46
18,11
65,59
26,67
40,80
89,34
26,62
79,47
12,42
33,36
33,25
41,94
34,24
55,6
27,94
89,55
56,8
6,75
10,86
30,31
39,29
6,89
11,56
96,26
44,82
7,14
63,5
18,86
78,84
92,99
68,53
31,62
24,24
96,45
96,55
83,89
2,14
27,74
30,65
26,45
59,34
2,26
61,37
6,94
50,19
79,99
15,8
38,26
55,78
19,71
96,53
40,27
80,50
85,77
93,87
56,2
17,94
26,12
6,29
75,11
73,12
32,12
84,11
20,60
19,64
42,91
16,25
27,68
93,89
4,47
13,84
38,15
19,80
59,15
70,75
95,11
1,25
90,78
79,63
5,97
78,79
65,28
6,36
28,81
86,96
18,56
99,82
31,98
55,44
68,47
27,7
11,13
19,93
21,55
50,5
84,23
68,100
78,28
46,9
56,33
62,68
72,34
40,20
81,34
78,67
79,57
27,58
39,27
44,37
27,33
85,65
47,28
95,78
39,67
6,14
73,5
11,81
98,10
34,9
64,46
36,56
9,31
39,22
61,6
80,64
6,78
88,97
54,51
63,1
7,66
48,41
23,29
69,65
38,94
72,53
53,10
99,2
42,21
56,21
14,10
32,42
70,77
46,42
28,44
71,44
39,24
90,6
40,63
98,54
58,81
5,10
63,32
55,19
24,62
83,3
31,61
38,81
99,9
76,9
6,68
29,97
18,42
10,5
61,31
1,94
89,49
73,90
5,88
9,30
79,95
48,27
52,93
91,39
48,71
39,99
59,27
14,13
92,42
96,72
43,63
18,99
18,32
71,24
56,99
65,57
96,77
48,99
57,9
83,83
37,52
77,98
34,20
85,52
98,64
46,16
63,15
48,63
98,72
30,81
47,74
81,83
56,43
71,83
94,26
69,97
77,72
13,60
46,6
23,13
100,75
99,29
80,10
52,41
50,42
40,53
14,81
83,24
94,34
34,71
57,10
23,62
71,13
81,76
91,62
34,21
88,100
68,58
5,17
2,62
29,85
39,89
98,52
15,83
10,52
24,33
28,24
25,68
57,98
51,4
3,52
45,23
80,14
46,23
34,72
13,57
23,44
8,36
46,89
13,42
88,72
7,39
62,29
94,52
54,76
97,17
44,88
7,16
3,53
33,3
26,85
98,80
37,43
14,7
36,18
77,66
50,53
9,8
88,26
88,69
48,15
77,45
85,74
52,72
72,12
15,53
40,8
74,18
32,98
15,17
69,56
61,59
43,71
62,47
67,30
31,53
25,22
90,57
82,100
97,21
15,25
69,51
89,53
100,87
12,46
30,36
14,36
46,46
32,77
63,90
79,48
66,9
82,10
65,11
97,9
53,72
27,84
46,38
4,19
43,43
41,80
87,65
83,52
62,20
2,71
9,4
77,12
46,2
98,77
67,49
6,40
51,81
62,72
47,73
32,5
63,25
17,84
72,9
47,64
93,46
93,62
92,34
36,34
66,93
41,12
10,100
47,5
73,62
67,51
73,86
10,10
61,21
76,13
78,2
24,18
81,5
24,48
96,15
67,66
23,72
81,11
79,91
1,85
96,14
94,38
15,29
72,64
77,34
26,7
39,64
7,99
27,86
28,51
13,30
100,63
5,5
11,12
40,31
55,1
44,33
59,52
38,55
58,70
92,76
84,51
38,41
87,21
4,97
98,83
27,67
41,54
61,39
54,48
5,99
34,34
8,61
50,9
84,40
52,24
78,55
5,73
42,6
60,91
97,86
4,84
90,80
46,31
14,75
67,35
66,19
40,35
11,50
59,79
6,84
99,61
8,50
66,40
46,77
62,98
13,10
75,53
30,16
9,58
50,97
33,93
49,31
23,40
87,51
34,95
68,95
65,93
4,93
96,39
30,1
80,96
44,23
9,45
67,20
16,68
99,64
98,1
48,37
71,94
14,55
71,35
10,18
91,81
36,78
76,1
48,10
21,57
43,12
59,55
84,96
35,39
63,91
52,94
30,14
4,34
41,31
61,34
41,13
14,3
31,56
89,17
25,84
71,68
82,3
4,88
14,38
5,56
55,32
29,22
9,14
13,87
22,31
75,49
70,90
40,51
45,6
42,36
40,44
92,11
47,90
56,91
17,73
97,95
44,94
41,26
89,58
34,6
48,60
28,40
43,8
8,72
49,15
58,87
85,93
22,24
11,93
3,67
45,68
30,84
75,43
32,41
95,28
20,8
21,96
79,69
28,76
53,3
95,1
63,35
55,42
13,18
12,100
78,88
25,19
50,38
91,58
58,59
92,62
97,88
7,17
61,63
38,48
26,57
39,90
73,20
93,76
71,3
48,46
12,52
3,43
91,83
24,19
21,17
44,6
6,91
41,90
50,73
37,74
37,61
41,56
61,80
52,42
91,28
56,56
100,53
76,30
34,80
70,37
10,91
30,62
56,39
33,80
44,92
30,33
5,22
65,14
40,99
6,28
23,2
31,51
53,82
6,69
28,50
50,26
18,2
93,10
83,93
99,54
84,58
92,91
100,45
23,33
85,72
26,93
9,96
12,38
3,10
40,55
45,21
64,96
41,99
16,84
15,80
49,78
2,12
92,67
27,42
51,56
54,15
59,25
65,53
72,80
81,72
18,12
84,29
92,60
6,5
73,92
96,84
10,44
29,64
38,52
85,49
66,94
90,27
76,77
68,90
54,36
57,59
46,93
12,12
96,83
36,25
32,29
15,90
4,39
8,16
37,28
75,10
86,37
60,35
50,80
25,2
85,1
16,93
72,75
10,75
62,44
61,25
33,81
74,95
9,53
89,4
9,66
72,72
83,88
50,45
44,41
65,60
96,27
17,2
57,82
75,2
11,14
89,18
15,36
63,66
48,38
77,17
51,83
25,78
28,48
30,21
47,91
88,19
77,6
6,2
8,53
33,63
65,17
66,72
40,89
7,31
62,60
36,11
79,97
47,34
43,14
84,43
50,21
85,81
87,76
24,31
24,74
25,27
88,87
90,2
45,9
81,93
9,37
39,12
19,44
61,83
22,98
81,80
15,22
16,8
8,25
24,63
83,57
61,99
64,63
29,2
44,62
5,27
7,90
70,7
100,1
59,12
28,21
56,34
81,57
92,13
66,61
66,2
24,25
97,62
36,88
11,89
99,85
90,4
11,33
40,57
42,95
60,57
83,51
100,56
19,72
87,87
4,70
67,17
100,70
88,64
39,86
29,50
49,34
79,65
79,31
39,97
42,34
50,41
68,32
35,38
26,88
45,41
97,8
44,42
27,54
79,26
2,94
60,81
63,50
61,61
35,23
19,2
60,12
25,55
79,33
54,38
45,63
91,85
2,23
4,63
77,100
79,55
28,35
86,88
69,2
47,10
9,94
11,10
22,22
57,53
88,81
88,18
19,74
39,42
23,48
71,71
63,28
43,96
74,69
33,100
76,85
67,76
21,6
46,85
34,81
86,89
75,95
12,13
14,16
65,16
69,53
19,94
16,66
22,7
5,68
41,29
66,64
48,35
72,26
85,19
6,23
98,22
21,89
14,32
9,48
48,97
17,14
36,66
36,82
51,8
27,57
96,35
71,51
31,77
46,40
28,19
42,48
49,16
9,68
27,12
81,6
3,89
46,22
72,30
63,11
8,96
8,55
13,4
98,84
100,80
17,18
98,27
59,98
48,5
89,12
45,74
91,25
36,50
6,88
82,90
100,85
69,43
76,100
45,11
2,51
38,4
65,76
47,30
87,96
51,14
10,33
69,87
59,38
65,41
37,31
11,55
64,38
33,71
38,18
62,59
57,72
58,62
67,52
11,60
86,49
30,24
42,10
51,18
1,38
98,68
23,90
36,61
19,17
85,31
41,96
18,96
6,66
16,44
19,62
77,18
77,2
60,83
100,23
44,50
46,50
95,81
46,8
78,14
31,25
77,13
5,6
9,86
47,35
21,88
75,62
81,75
17,77
22,75
44,76
24,59
23,96
69,47
23,39
21,36
50,85
46,57
30,35
33,10
1,65
82,22
82,75
5,86
71,23
98,38
61,66
87,60
17,7
38,19
13,100
33,16
38,47
37,13
2,35
30,18
53,43
40,88
68,67
82,73
70,16
50,43
13,50
37,24
100,17
24,99
9,13
3,15
78,69
49,61
34,16
48,53
95,34
81,79
35,25
36,100
65,92
56,37
51,25
74,10
80,69
51,28
21,87
55,76
14,67
97,82
61,15
9,23
12,84
27,48
85,13
9,35
84,3
39,10
67,10
3,11
4,87
73,55
22,82
37,4
52,95
65,88
37,37
33,65
26,80
94,29
44,25
17,49
26,40
55,34
89,88
69,92
20,88
66,42
13,19
95,44
41,14
74,62
27,71
17,26
56,71
44,38
49,95
17,66
42,26
27,37
99,100
89,71
27,96
66,67
68,74
48,92
87,28
63,74
22,10
34,27
98,96
78,30
54,12
15,57
79,88
38,97
19,96
50,44
92,75
50,60
5,89
89,10
72,1
3,94
22,88
36,65
5,45
31,14
68,71
46,44
28,68
86,28
17,58
75,86
86,73
55,9
65,97
41,67
9,43
21,22
77,5
90,76
88,42
39,81
1,31
90,15
5,94
16,34
4,2
43,56
52,1
11,17
7,9
79,98
49,63
83,5
60,17
92,29
93,91
33,15
11,99
59,51
47,62
40,18
78,8
72,87
13,44
77,81
90,89
85,25
2,93
97,81
56,69
62,40
40,87
88,43
93,43
31,45
15,47
31,28
75,79
75,41
6,96
10,98
48,100
16,53
100,95
40,93
32,7
74,22
71,22
39,39
58,28
18,78
84,16
31,32
64,11
88,84
96,13
13,20
22,61
4,45
11,6
7,18
77,80
53,85
87,15
75,57
96,16
28,98
97,12
41,48
36,73
21,19
16,83
75,54
20,32
94,4
1,77
40,79
70,68
12,77
15,9
25,63
11,58
23,87
78,71
16,71
5,53
83,69
30,82
48,23
24,50
40,52
27,59
27,15
3,88
64,64
92,65
8,80
89,30
92,28
61,4
90,37
85,46
91,1
17,39
36,36
4,8
51,33
10,25
76,37
33,92
91,45
53,41
38,35
20,16
11,75
46,14
30,19
89,74
16,14
25,89
90,9
83,14
68,68
74,11
29,52
81,27
55,21
45,2
53,38
92,88
76,65
77,65
72,54
84,54
73,75
86,50
35,33
8,44
81,85
55,50
35,62
17,47
48,61
49,12
77,54
80,12
65,44
95,65
13,70
12,98
90,53
13,74
77,47
8,19
43,90
17,28
67,4
41,41
62,83
44,80
73,36
34,93
44,84
30,64
40,10
38,65
10,66
88,61
80,54
24,30
27,72
69,67
89,6
18,3
100,74
51,44
87,1
88,28
27,30
69,86
95,82
55,63
12,87
3,51
25,61
19,59
90,71
14,4
55,8
39,7
65,8
51,9
56,18
83,10
55,100
13,27
6,17
11,66
61,64
55,39
2,29
90,100
95,93
92,23
74,90
98,78
86,33
95,9
81,84
63,82
83,68
20,47
47,13
78,92
89,90
80,63
10,8
68,42
17,5
22,36
99,26
60,68
34,70
91,70
17,91
14,40
5,55
85,44
77,3
12,18
23,32
9,62
14,46
43,76
48,43
64,2
4,41
91,100
90,93
97,75
48,69
95,46
6,26
76,56
7,100
97,40
9,77
3,76
46,35
91,86
33,32
88,94
12,96
100,44
80,29
100,22
77,22
36,7
5,79
10,63
27,38
52,28
38,13
11,48
2,31
25,7
53,95
44,52
25,32
59,49
95,43
18,91
97,42
50,47
30,70
23,61
72,7
74,44
36,38
76,72
34,99
15,60
20,69
76,74
73,7
20,46
5,1
58,25
22,8
5,66
68,51
36,42
54,69
37,97
88,5
15,34
1,72
80,4
42,31
56,48
36,59
19,89
95,21
68,48
93,8
42,59
86,72
27,18
59,18
20,22
43,35
62,19
95,50
94,25
94,1
92,39
62,43
54,39
44,57
98,98
22,63
55,24
89,38
35,86
95,83
58,33
73,69
32,78
35,71
91,19
4,31
25,51
14,44
74,85
97,26
67,34
24,61
26,4
23,100
5,62
93,58
74,52
86,26
22,27
12,58
21,85
39,31
79,42
12,21
74,17
2,41
73,47
61,27
6,95
18,36
12,5
74,67
43,42
48,29
8,22
92,79
2,60
62,13
5,65
99,81
34,42
11,41
36,47
70,9
40,24
17,53
6,21
63,42
44,39
16,73
24,57
43,13
9,79
11,18
37,44
64,95
6,99
65,65
32,94
45,26
57,41
15,45
100,99
86,30
33,17
57,66
96,32
41,100
96,3
97,59
91,12
8,29
92,77
8,78
16,19
23,55
27,36
70,95
100,2
30,13
18,31
67,61
30,34
74,25
26,52
73,22
67,53
34,36
20,62
81,13
94,61
58,14
75,39
35,51
8,91
70,70
56,95
71,63
50,75
58,98
67,69
52,33
84,79
15,78
49,79
18,74
65,96
72,3
93,92
27,75
29,11
72,23
19,5
4,29
17,99
19,52
33,62
41,28
38,45
86,99
86,38
34,61
29,73
60,97
23,92
97,53
44,51
73,48
69,78
61,41
54,82
54,65
73,30
12,7
89,57
66,17
4,52
36,49
63,69
67,57
85,38
58,47
7,54
14,20
24,95
4,23
11,74
52,75
100,59
58,8
7,29
16,38
58,24
24,38
75,3
63,60
35,21
80,18
2,69
66,75
78,66
81,49
44,68
24,42
50,31
3,70
87,39
69,33
7,83
21,52
95,54
77,91
98,25
61,32
25,20
43,73
23,66
7,36
60,25
55,89
32,56
83,98
1,70
36,31
16,29
11,39
56,79
23,89
100,66
48,24
94,54
81,39
26,97
71,50
85,26
98,3
70,64
1,15
33,8
97,96
86,65
57,90
87,6
17,36
82,68
77,29
15,12
70,26
100,39
36,67
16,72
38,24
98,58
38,76
31,5
61,5
51,63
24,89
94,44
21,47
33,90
100,76
90,85
84,100
47,50
2,45
29,91
1,52
76,99
17,20
60,50
99,28
39,70
65,54
47,51
43,80
56,35
22,84
8,70
18,61
94,99
79,25
85,64
68,96
9,80
31,58
39,95
67,77
24,13
4,5
85,2
32,39
1,23
40,3
32,58
12,61
20,79
69,5
64,15
96,33
33,6
55,96
94,69
94,6
73,78
8,77
23,91
23,10
31,7
95,38
9,1
57,28
16,17
59,59
67,45
42,89
55,86
39,5
53,83
85,96
8,6
29,13
65,73
28,39
43,72
66,16
61,10
14,72
5,15
22,97
93,44
48,6
14,2
49,36
47,57
54,81
95,3
20,55
80,35
28,11
39,71
42,88
44,69
52,89
99,35
3,95
68,70
22,92
33,24
65,84
44,18
36,27
40,36
89,3
26,58
96,46
48,20
17,87
42,78
28,45
28,92
61,89
70,92
87,86
46,29
14,92
24,27
23,67
27,8
86,51
54,9
98,57
79,27
35,92
62,89
14,91
45,40
53,33
51,57
47,44
77,85
14,65
18,29
86,8
74,89
88,35
91,97
2,44
5,34
69,42
53,52
55,91
8,93
67,48
43,75
41,45
28,6
16,4
13,15
47,55
66,8
92,3
20,3
12,43
100,83
60,77
98,67
37,65
63,52
65,80
85,90
29,74
98,31
40,56
59,81
89,62
17,82
43,31
92,17
9,9
35,4
9,29
76,43
28,74
35,48
3,16
39,53
98,94
62,48
77,37
51,78
20,57
82,80
76,20
83,70
21,75
67,42
84,41
89,27
35,40
12,24
3,100
22,66
46,62
83,66
13,96
97,92
51,98
46,60
71,70
75,24
41,98
11,51
34,46
4,3
14,96
23,70
51,22
16,60
10,21
17,96
17,6
60,7
66,68
67,62
98,39
80,21
57,100
14,21
47,4
74,74
89,23
65,25
50,30
44,87
25,60
90,97
90,49
81,81
3,35
94,87
62,64
85,18
83,53
87,19
70,10
87,22
4,40
43,99
23,82
23,68
32,64
28,17
18,63
47,77
18,77
9,74
86,77
20,72
78,89
99,75
90,88
27,66
33,12
4,55
89,21
2,40
7,94
64,65
32,61
98,35
91,14
13,5
91,22
93,66
95,88
28,94
19,55
74,33
79,22
83,13
29,99
63,24
28,2
9,42
58,11
93,22
100,93
99,16
22,68
70,56
31,72
35,95
67,97
72,45
51,64
97,63
91,29
21,40
95,89
29,83
39,33
53,39
9,33
35,73
54,87
2,7
40,94
70,22
32,67
30,27
84,64
14,35
79,85
74,96
43,81
56,32
33,13
27,80
76,16
82,48
2,37
85,84
69,37
55,43
71,57
29,33
10,26
94,77
9,75
68,34
53,9
38,1
20,48
34,91
51,55
11,92
41,39
61,82
99,95
62,97
32,83
71,62
76,45
94,17
81,46
53,40
15,92
96,28
8,30
34,77
67,79
10,82
82,14
95,87
48,81
28,30
51,84
85,73
88,41
6,77
37,46
20,75
16,51
23,35
54,100
100,86
76,22
94,16
3,57
100,26
25,16
84,38
29,67
70,81
23,11
92,43
75,26
80,42
87,66
63,73
71,92
7,53
33,78
60,70
76,17
14,99
16,58
8,38
100,32
14,24
18,55
97,66
53,70
58,43
62,35
83,92
88,39
31,71
21,8
38,68
71,95
11,100
100,15
75,99
10,17
4,21
20,100
60,9
34,85
94,94
86,87
93,4
50,82
79,34
63,72
48,39
39,11
83,18
90,48
15,23
66,50
69,96
97,50
35,43
27,76
92,19
26,36
44,66
33,82
20,90
85,86
18,48
13,33
97,69
72,67
34,67
10,19
40,98
8,41
12,49
93,60
31,36
78,70
38,67
31,22
88,66
88,63
14,88
81,14
28,88
3,47
87,29
35,35
53,75
25,80
24,86
40,96
16,6
74,27
65,81
86,53
1,69
67,78
94,63
13,62
86,14
10,64
86,60
92,78
89,69
59,66
16,31
4,82
63,75
24,53
59,84
96,23
38,57
87,57
62,38
48,33
78,96
40,9
92,15
3,91
65,47
24,82
42,62
18,80
70,88
58,5
86,43
18,28
28,75
12,75
74,26
60,26
24,8
63,14
46,36
66,12
56,81
88,76
65,37
100,57
17,63
92,9
62,63
86,1
84,66
92,50
34,68
74,91
91,42
33,9
34,15
3,42
27,60
45,73
7,49
57,33
29,19
35,27
3,81
99,92
95,30
99,11
48,7
86,16
15,58
39,94
41,71
41,82
78,90
77,94
91,9
57,17
65,67
81,100
57,25
99,1
43,39
28,95
22,91
98,93
71,96
60,32
77,76
38,2
59,60
98,82
33,54
61,91
97,56
100,18
86,86
25,92
91,30
22,11
57,31
27,93
30,72
17,1
85,32
56,58
11,67
72,94
81,43
7,78
79,78
40,5
65,31
61,56
78,29
63,27
49,40
45,54
88,56
26,25
48,26
80,32
83,9
83,1
15,16
42,80
58,41
64,9
5,47
20,6
38,50
1,89
31,46
6,27
34,62
98,63
48,4
62,50
75,18
11,31
78,20
5,100
95,15
14,83
24,22
12,86
60,51
10,71
59,99
18,38
13,75
68,21
61,85
55,40
62,32
96,65
42,11
84,82
68,1
32,92
54,42
91,60
25,46
15,86
16,89
86,79
5,92
26,19
48,48
23,4
35,58
9,89
11,34
26,53
17,81
91,88
59,57
80,67
71,59
96,52
50,23
63,23
32,21
45,49
23,25
27,32
19,7
46,43
69,61
53,47
70,15
16,64
49,99
12,17
58,60
13,48
55,22
35,19
43,27
36,20
20,40
51,19
94,46
81,30
53,96
67,85
70,6
32,43
85,57
14,11
78,91
37,15
74,36
17,90
75,81
97,70
94,12
62,39
77,62
19,50
71,42
26,23
77,39
65,49
66,92
20,95
78,87
44,43
9,17
1,48
94,7
12,56
81,77
43,29
95,42
33,70
9,57
27,85
19,53
88,98
56,76
33,64
27,63
87,95
16,24
95,36
65,23
78,16
70,84
43,32
30,80
86,15
97,6
8,39
23,27
68,73
29,68
71,5
41,72
93,77
3,55
9,24
27,90
11,45
35,10
46,27
22,28
25,29
53,14
51,13
58,91
83,61
19,97
33,79
5,93
44,47
95,63
77,61
46,41
47,40
67,23
78,98
25,90
78,80
21,68
34,2
50,58
30,91
81,20
19,60
49,75
46,95
63,79
69,30
75,97
45,91
21,69
75,45
61,58
63,17
63,76
41,95
33,91
30,79
1,28
67,94
45,69
27,69
9,10
37,64
37,48
32,74
21,74
64,81
23,59
95,97
51,40
72,14
70,62
8,34
51,16
30,87
94,76
93,99
3,73
59,97
71,54
27,19
42,97
77,53
19,99
67,55
61,26
3,87
33,40
79,60
38,31
64,73
35,2
44,71
48,79
22,30
89,1
55,17
93,73
15,40
60,69
69,32
74,55
24,56
71,78
26,66
46,28
22,9
33,98
42,98
89,29
39,74
42,30
58,35
18,95
71,77
5,90
84,70
27,24
55,69
8,83
27,10
71,25
43,59
64,54
92,81
90,18
47,32
61,73
51,54
2,63
99,87
94,18
58,18
68,24
99,10
10,2
41,88
10,54
69,57
10,45
4,67
7,93
3,14
11,49
40,69
57,4
96,98
24,83
17,21
36,2
3,7
16,48
30,49
96,63
43,28
36,44
44,58
23,80
92,70
21,14
64,47
59,78
36,28
71,74
34,56
60,79
56,61
59,77
61,92
52,51
50,70
37,40
26,82
52,11
16,99
37,100
26,41
90,73
66,34
69,15
19,36
64,84
1,93
60,85
38,49
44,12
14,22
58,37
20,41
67,65
90,52
50,11
18,97
49,41
51,45
49,50
86,5
13,53
88,4
96,17
73,64
32,16
14,27
94,9
28,7
47,27
86,31
77,14
69,95
15,3
59,42
50,50
24,90
87,80
11,95
92,73
28,8
71,45
61,74
83,55
37,84
45,14
59,88
83,42
79,35
88,12
95,73
87,79
37,78
36,80
80,70
3,44
31,95
70,100
52,68
50,2
57,12
54,79
4,4
39,52
60,87
7,48
69,100
12,93
76,6
80,92
7,73
79,28
26,95
7,8
24,15
56,44
3,58
5,21
65,48
2,57
38,20
86,13
99,63
1,17
37,99
49,71
5,42
60,48
84,31
76,32
57,87
97,84
34,57
49,2
39,91
19,1
69,31
71,76
29,44
82,59
91,77
98,47
94,27
87,78
74,92
23,5
5,46
60,40
6,18
19,63
8,87
46,91
13,17
18,34
9,28
95,39
22,39
38,72
58,69
74,61
59,85
77,9
35,100
99,83
81,59
5,82
69,80
32,19
17,78
16,77
14,29
45,25
37,21
41,43
28,85
39,20
52,9
9,16
13,8
62,82
55,30
44,2
26,89
61,88
62,2
32,23
4,80
3,85
82,76
96,51
83,91
72,16
51,23
12,71
86,21
93,41
20,1
36,53
68,27
30,12
27,92
77,41
35,5
55,73
68,69
29,38
31,4
73,74
19,47
57,20
99,68
1,21
53,68
8,54
93,12
85,14
74,46
28,69
96,1
50,77
93,14
84,80
45,58
41,10
90,5
13,14
8,59
88,73
92,6
82,97
91,61
79,44
81,67
65,99
75,7
43,24
82,69
1,27
27,83
16,33
17,8
42,65
91,8
40,85
19,81
43,91
7,42
80,6
80,20
19,70
80,15
28,46
54,67
99,96
44,36
64,70
21,100
74,9
79,56
40,66
56,85
78,75
45,37
88,93
97,94
47,58
43,61
65,30
76,94
32,45
35,44
50,36
88,10
26,29
40,78
7,2
48,55
69,22
15,43
92,36
19,12
16,54
64,74
39,30
11,46
92,95
9,70
31,70
47,85
88,58
86,94
12,83
56,49
89,87
41,23
65,20
95,7
92,12
46,7
90,36
72,18
94,90
21,34
99,37
89,33
49,1
92,55
79,36
57,88
11,97
75,77
16,37
50,100
14,71
54,50
16,16
47,59
23,64
15,74
71,40
89,70
27,89
75,40
64,25
82,25
6,31
22,67
68,4
62,86
12,70
4,11
76,26
53,25
91,11
72,21
46,19
44,10
93,11
39,6
38,16
94,37
15,67
83,6
46,12
93,96
59,62
65,74
82,72
91,3
6,90
87,23
49,88
76,84
21,44
91,13
57,81
34,49
35,77
78,100
32,72
80,19
90,81
15,15
84,49
77,52
87,72
35,26
34,8
2,33
68,2
10,53
30,56
72,84
19,82
65,24
54,70
67,24
65,45
70,44
52,27
39,35
15,4
54,71
13,9
66,20
71,85
39,78
43,18
45,62
50,37
45,29
93,25
31,96
52,80
5,71
29,29
8,5
57,78
71,33
36,89
17,98
92,4
49,64
14,97
61,70
21,84
38,70
2,89
4,89
36,86
26,79
18,13
61,93
6,41
4,99
21,18
19,92
23,43
28,91
37,7
12,62
59,86
57,65
72,100
58,16
93,65
13,37
57,73
40,59
67,33
22,57
92,100
61,35
3,61
53,8
93,32
71,69
60,55
6,72
78,36
57,38
5,41
2,73
6,13
84,56
82,23
69,89
23,19
7,89
40,42
52,29
31,33
79,43
29,31
2,20
81,92
36,62
24,49
41,62
32,85
98,34
99,46
30,90
26,72
31,13
45,92
48,34
54,20
99,39
13,88
95,27
61,22
22,94
18,85
42,61
42,55
28,14
96,6
79,87
17,4
60,84
18,17
93,53
41,46
21,27
74,84
22,69
23,24
79,51
83,96
97,64
77,8
28,56
46,71
82,66
61,42
88,59
26,50
20,7
4,24
1,26
1,80
8,14
7,25
75,78
36,1
73,49
87,12
66,58
31,43
63,19
82,60
45,42
36,52
1,42
63,33
44,9
49,87
73,3
66,86
83,85
24,91
57,8
12,91
76,19
65,13
13,26
92,82
36,19
23,26
66,74
28,41
45,97
45,82
52,39
98,8
47,78
38,58
49,44
92,52
34,73
64,82
72,71
39,1
46,25
70,41
53,29
74,94
37,14
73,81
46,15
76,18
42,64
41,60
54,7
10,83
8,33
28,99
77,74
38,71
48,30
82,36
3,56
63,67
54,78
52,15
2,84
75,34
14,84
14,18
11,2
50,83
28,82
26,73
10,29
82,65
100,14
69,20
71,80
91,69
59,70
72,79
53,30
18,33
37,32
98,85
81,82
15,93
29,43
27,21
83,38
97,20
52,56
92,38
5,30
24,14
54,93
59,22
27,78
43,9
93,75
76,24
34,90
32,100
76,89
62,61
20,11
87,97
4,30
41,51
25,45
14,68
99,62
36,6
56,11
34,19
39,47
93,82
81,96
11,72
94,13
90,63
55,51
37,90
38,78
90,16
26,96
67,38
67,39
31,24
76,63
15,77
9,78
73,80
16,35
30,11
90,30
44,14
57,27
66,32
11,63
21,4
81,23
18,5
21,5
36,37
93,42
47,52
7,44
41,78
5,3
47,63
30,89
62,99
81,22
91,68
59,29
82,81
99,91
21,64
19,95
83,73
21,24
50,99
89,5
40,17
72,10
60,20
42,44
81,21
25,3
58,75
20,2
95,90
49,59
38,37
95,5
13,97
59,71
42,96
29,14
40,2
72,59
2,76
45,13
70,76
83,99
98,91
52,26
28,47
17,74
29,53
66,4
7,95
26,65
62,30
6,33
81,61
44,86
30,55
38,39
88,13
17,65
52,5
12,10
10,88
73,13
37,88
57,85
94,78
2,92
33,52
99,44
36,85
69,35
3,8
22,29
22,58
22,6
41,19
69,26
23,34
54,37
19,31
46,32
60,72
53,49
46,84
49,97
89,15
93,39
64,71
58,9
1,20
42,50
90,23
92,64
21,90
18,23
39,88
21,56
26,78
20,43
83,76
6,34
60,94
95,57
59,17
98,19
89,93
58,71
61,78
67,89
30,29
75,16
83,94
37,27
17,31
73,31
20,44
21,80
43,45
40,49
77,30
100,100
76,66
45,27
79,17
68,64
29,9
2,66
36,92
62,92
82,84
36,68
45,85
94,57
76,12
83,56
96,48
96,30
56,16
52,22
43,17
25,93
40,76
20,52
84,91
77,83
99,66
25,98
90,60
65,78
95,45
97,35
10,1
30,38
27,35
77,78
45,30
58,38
78,23
93,30
25,14
54,29
14,6
85,8
46,69
37,91
19,68
100,4
6,42
100,31
62,21
50,89
22,93
20,34
75,19
86,11
78,72
93,50
48,84
53,77
69,55
97,38
3,33
22,38
52,49
11,91
75,25
29,15
60,42
55,65
81,52
10,79
45,12
25,88
58,64
61,68
17,9
80,37
8,24
27,4
73,24
10,14
35,32
30,50
76,23
94,97
52,40
61,95
76,95
51,49
96,41
38,9
66,1
72,28
40,68
96,56
64,69
24,55
39,62
14,14
32,3
34,82
21,51
36,29
64,14
74,28
63,81
37,73
7,11
13,38
5,25
70,30
31,92
50,34
16,81
79,49
26,8
70,19
4,73
100,72
85,94
17,46
55,53
71,32
97,41
35,79
61,29
8,51
25,31
54,84
64,1
52,21
35,89
72,15
30,44
1,66
91,41
74,51
4,14
37,98
2,48
34,97
69,39
3,77
69,84
26,17
47,26
44,11
57,46
19,11
20,18
43,16
84,9
89,44
90,99
58,2
100,38
54,60
4,64
72,22
20,71
5,95
72,6
99,21
78,94
84,21
21,38
3,1
97,10
41,57
40,37
25,72
47,12
76,40
70,38
5,74
38,89
57,32
99,74
58,44
41,36
75,73
45,17
7,47
2,98
71,66
57,68
20,94
94,66
4,12
16,42
95,4
37,57
41,73
76,27
76,46
55,70
88,88
8,67
52,69
7,88
6,52
62,25
89,92
70,96
29,87
30,7
45,83
71,8
36,22
46,78
66,60
76,92
41,64
83,21
40,4
59,61
66,51
64,79
45,79
9,85
37,77
31,23
88,91
31,64
4,22
77,10
58,100
59,53
51,27
21,92
89,66
59,16
55,98
39,66
85,12
87,84
72,57
42,29
75,56
59,64
6,59
10,6
74,13
59,4
56,80
43,41
14,69
4,1
65,66
56,40
9,95
78,12
74,45
33,84
41,74
75,50
57,76
10,62
69,88
75,21
84,27
51,69
16,96
53,78
35,37
24,54
40,26
27,40
22,79
23,83
8,73
100,89
25,5
71,6
39,92
58,39
56,53
11,94
84,60
100,28
7,1
1,11
21,20
16,26
67,87
43,50
63,84
35,72
64,92
68,38
55,66
30,46
60,33
66,55
83,77
63,54
79,67
76,50
15,61
6,6
20,99
94,92
42,33
48,42
82,28
70,94
86,66
94,55
98,20
28,58
45,44
50,17
4,90
27,45
18,39
46,24
64,26
92,92
24,37
4,77
32,17
98,45
27,99
22,71
67,5
86,63
74,37
12,23
42,54
44,46
97,14
32,49
79,100
51,72
84,48
42,51
100,84
30,17
68,35
18,22
15,98
59,43
52,54
97,51
21,83
64,49
50,52
60,56
80,84
51,35
81,16
43,68
95,48
14,74
86,23
5,76
75,67
85,92
78,57
59,7
53,94
16,27
47,39
11,29
17,37
85,88
31,52
81,28
5,38
63,40
9,52
57,83
23,86
57,22
92,53
49,96
46,47
15,95
98,5
69,8
50,91
28,57
72,33
34,28
13,91
36,46
34,54
54,1
79,73
87,56
70,72
46,33
20,29
9,59
32,2
18,83
98,33
74,77
97,29
94,48
15,41
37,33
18,37
1,9
9,26
51,29
79,81
43,51
9,60
65,77
4,38
25,53
20,12
99,4
59,19
71,58
94,95
64,12
52,52
45,7
60,2
69,82
33,72
39,69
78,74
44,49
22,13
30,76
70,13
7,63
75,8
14,56
84,30
41,1
74,21
14,37
45,61
9,39
95,95
49,86
74,54
37,76
32,35
43,85
68,6
12,26
94,24
38,40
26,75
78,7
27,87
5,83
14,51
46,34
50,84
96,8
24,41
72,63
40,6
82,37
88,25
45,20
35,31
71,64
15,79
44,16
97,79
40,38
90,46
47,16
47,97
66,47
29,3
54,77
30,54
84,77
34,47
38,64
66,38
32,80
24,17
97,55
20,97
25,95
37,2
98,9
5,63
77,57
61,52
55,11
14,39
76,88
11,68
18,98
7,91
88,54
37,51
60,14
1,90
81,90
10,85
59,65
67,46
83,27
73,93
21,49
6,37
45,5
98,99
24,73
79,16
92,25
47,81
77,15
89,28
6,58
40,73
1,58
10,90
89,65
2,22
88,29
45,18
64,78
7,35
83,86
75,4
19,37
6,53
30,75
19,85
32,66
68,83
49,62
80,11
43,21
65,56
6,1
74,12
28,18
92,46
63,7
98,70
87,93
35,8
92,68
10,72
55,60
100,58
36,83
48,98
59,91
16,11
98,28
8,58
66,99
1,40
77,35
50,49
8,94
79,93
16,98
77,59
62,45
34,65
81,45
52,57
13,76
79,39
69,70
33,58
3,27
53,42
26,68
92,69
37,94
64,31
40,45
66,95
73,16
20,81
45,16
78,3
44,35
49,80
72,48
75,93
76,33
87,2
21,37
74,5
42,24
86,18
89,73
73,33
34,75
79,18
88,55
98,65
23,53
43,69
49,83
2,10
16,63
33,53
27,95
56,30
55,47
58,13
76,69
54,49
62,23
86,91
30,71
72,86
60,11
13,64
30,66
57,16
47,83
86,48
68,80
76,81
90,31
61,45
87,34
58,50
5,9
39,43
63,43
53,1
55,36
27,20
41,75
46,81
62,66
13,34
27,27
26,44
20,74
99,38
20,35
49,68
61,28
100,61
9,21
60,62
89,82
54,97
89,85
88,1
15,100
38,87
31,39
1,68
72,8
14,25
29,47
50,55
88,70
27,13
41,52
17,59
40,81
3,78
94,15
43,52
22,42
49,42
99,17
26,22
86,6
71,81
18,82
48,90
48,1
52,62
5,44
90,90
8,20
72,24
64,56
64,40
56,47
38,22
83,31
52,4
17,68
41,4
28,29
19,25
5,20
76,28
10,78
61,8
91,51
37,71
80,81
88,52
38,61
80,98
26,48
63,6
56,45
43,5
54,2
5,78
78,22
52,38
65,68
74,41
12,72
31,94
29,72
66,70
37,75
55,12
28,12
41,34
75,100
36,51
50,56
58,63
60,52
4,65
34,76
12,33
28,37
60,95
73,57
8,64
61,96
95,80
4,44
25,75
70,32
36,35
70,87
63,21
27,29
57,23
10,74
20,89
51,82
11,88
58,10
50,14
54,89
10,42
7,59
3,22
28,23
67,43
16,12
1,45
35,57
72,36
35,17
85,55
90,87
54,16
39,38
85,27
71,43
25,15
79,61
66,91
32,30
15,97
91,95
48,28
22,12
96,42
96,81
81,3
65,12
70,24
98,48
60,66
3,46
46,68
50,33
3,38
74,100
68,25
73,72
24,78
61,81
67,93
74,15
94,41
44,28
24,9
74,82
33,88
11,70
65,89
27,65
25,35
58,82
66,21
15,38
38,36
52,53
30,73
89,43
13,54
84,17
84,93
30,2
100,21
88,40
100,12
52,3
15,62
89,68
99,15
96,21
52,32
32,93
69,71
87,77
39,63
10,13
89,19
6,57
52,45
33,2
16,32
54,86
37,53
6,15
88,99
66,71
31,26
26,35
71,53
45,33
94,21
54,54
1,54
68,43
61,12
9,90
97,100
15,65
49,24
28,26
100,50
88,60
53,18
4,62
35,84
79,59
84,76
61,76
91,47
87,48
27,50
5,80
35,78
48,54
54,58
19,83
67,44
29,66
6,20
33,26
59,63
89,81
77,99
45,43
88,74
75,35
80,39
97,87
34,53
79,1
96,67
93,94
51,10
28,13
79,3
91,90
38,62
73,60
38,29
1,1
72,73
30,15
19,38
22,41
63,45
78,6
67,99
3,21
8,26
95,84
22,33
95,66
36,74
57,56
29,48
12,65
5,24
33,28
87,26
30,77
16,80
29,58
11,98
3,99
67,80
19,28
58,26
4,25
98,41
98,95
26,31
82,49
52,48
78,65
29,92
7,74
37,35
47,7
14,90
14,30
11,21
98,17
55,92
88,85
67,3
90,54
15,81
34,4
92,27
3,84
8,56
93,19
53,100
29,84
30,94
34,86
90,65
41,33
76,14
18,52
52,99
46,20
7,52
86,45
2,78
56,1
22,81
71,86
61,13
68,62
27,70
68,8
70,78
45,66
62,14
47,31
5,19
34,74
83,75
100,77
9,18
1,86
27,3
30,63
35,47
42,2
26,100
82,70
29,4
96,96
30,45
23,65
44,17
34,32
2,17
7,58
97,2
56,17
19,35
56,41
28,52
39,46
68,50
6,98
86,2
50,62
80,13
44,3
10,99
86,75
7,72
44,90
62,11
87,40
98,87
25,85
46,74
61,79
98,29
24,40
11,76
19,43
46,80
68,5
19,3
87,45
38,5
75,5
29,70
8,95
67,92
44,31
7,22
6,80
69,19
45,34
70,61
87,70
46,52
25,11
10,57
83,26
25,13
9,36
65,36
96,38
41,2
1,47
64,98
79,40
13,21
95,61
50,15
87,41
48,96
33,23
62,4
31,60
11,62
93,98
50,28
62,26
15,13
22,96
33,33
74,19
53,57
12,64
17,3
9,91
3,41
31,54
43,33
37,83
43,65
57,74
42,68
47,49
55,4
3,63
34,52
79,70
34,12
77,88
32,59
59,48
59,9
15,28
55,88
75,76
1,43
9,41
44,30
96,60
15,19
30,59
21,53
14,64
25,49
98,14
71,98
52,7
26,3
58,20
37,58
96,11
44,7
28,62
81,1
96,79
95,14
94,47
40,41
42,83
60,18
19,22
72,40
97,49
82,58
34,13
28,79
57,49
45,32
84,74
59,5
45,99
19,40
37,49
10,55
2,52
71,97
52,81
97,90
30,42
56,31
68,81
14,26
69,23
39,65
56,23
9,50
64,87
9,99
55,93
31,68
54,90
85,61
41,27
15,32
10,81
64,35
13,80
34,48
23,76
96,10
44,63
29,54
1,7
66,23
60,36
44,67
57,75
92,16
65,43
16,40
55,84
99,94
50,32
53,66
19,30
92,89
96,90
29,24
22,44
16,67
20,17
25,83
88,95
74,4
33,51
5,8
13,43
19,45
66,73
75,13
55,62
77,87
49,100
8,43
21,48
82,32
60,37
99,49
81,69
31,76
97,22
64,93
84,24
33,85
70,36
91,76
84,42
46,88
89,9
81,36
73,59
16,43
45,1
9,93
45,70
13,85
87,43
81,56
94,23
71,93
46,30
62,5
68,94
13,73
7,30
35,65
87,10
63,98
37,16
49,28
12,54
72,85
85,5
31,86
58,96
73,15
48,2
73,42
53,74
31,34
17,64
10,38
85,79
23,93
97,83
48,47
85,7
94,56
55,75
62,84
98,50
64,5
94,72
95,22
64,3
1,6
29,76
28,96
80,82
65,72
38,100
96,25
24,65
85,98
53,22
24,44
18,43
81,44
96,43
21,16
60,75
66,28
37,42
99,19
4,75
1,19
32,34
19,21
69,49
54,17
36,8
17,30
66,97
66,89
66,80
2,87
92,41
42,46
33,46
54,94
28,65
31,35
7,80
89,24
57,92
98,69
33,77
29,71
35,24
90,96
29,16
100,5
98,26
42,77
28,84
81,38
83,60
88,62
48,25
62,56
31,19
93,5
97,73
98,90
27,22
26,60
2,1
88,7
79,80
25,18
96,22
86,82
87,36
23,78
37,93
95,62
64,77
73,54
74,34
62,22
18,47
83,65
62,33
70,82
81,35
67,95
65,9
61,3
11,64
94,36
45,72
76,96
98,53
94,19
47,76
63,68
11,4
24,21
81,53
23,38
21,62
88,37
38,88
55,59
56,54
73,38
51,32
48,73
54,63
71,28
65,94
49,35
97,43
16,18
73,98
78,83
15,73
55,10
12,66
29,82
54,68
4,9
91,72
99,12
25,70
81,37
56,25
89,97
11,35
83,47
72,76
44,13
2,2
33,27
90,17
56,72
46,1
44,96
35,54
90,8
46,70
23,74
8,100
80,49
19,39
92,98
100,10
13,32
68,77
93,59
6,79
24,71
70,4
97,37
35,97
44,89
71,41
77,28
94,65
71,79
49,19
53,50
54,5
20,5
8,52
55,77
8,86
97,60
88,6
70,73
90,28
75,82
87,58
56,98
70,46
2,34
40,19
72,29
31,81
35,15
15,33
71,99
78,38
94,74
54,22
63,64
64,45
78,46
8,8
4,26
95,49
84,98
93,9
55,28
81,94
29,7
24,26
96,37
49,37
49,46
8,68
20,67
7,96
19,33
38,90
95,60
65,98
72,25
85,17
1,74
63,83
91,36
33,96
17,33
27,97
98,75
24,11
89,78
37,95
44,48
60,19
11,85
91,24
86,76
86,58
87,4
54,47
73,100
10,37
65,79
93,29
68,10
57,18
73,19
80,55
69,1
66,69
88,77
62,69
39,98
34,88
4,92
93,28
45,90
3,3
100,49
93,61
22,89
63,12
70,29
52,17
82,15
50,92
65,38
90,35
47,22
10,39
47,23
4,15
1,96
83,80
14,89
2,59
80,1
74,86
21,72
55,97
25,1
49,9
66,90
24,2
96,82
84,68
30,26
56,19
99,33
42,38
77,25
64,8
15,6
96,80
42,86
88,11
9,56
95,6
11,87
19,87
51,58
71,20
26,98
55,71
56,74
11,37
40,100
48,65
31,49
9,100
57,6
39,8
14,52
73,56
23,41
54,73
47,96
91,21
4,57
87,89
11,77
73,17
41,20
36,87
77,73
78,51
32,22
68,11
38,23
41,97
52,35
65,27
81,41
49,84
11,16
64,22
35,28
59,68
4,16
1,10
73,26
58,73
44,65
83,45
82,8
20,49
81,70
89,75
28,31
68,78
24,96
100,36
39,79
32,69
32,38
90,61
71,87
14,42
34,35
12,39
11,20
7,5
5,69
85,54
14,82
32,37
23,42
73,45
32,53
57,91
49,5
2,36
40,54
31,84
83,28
28,72
18,69
18,51
62,8
18,7
85,66
14,1
55,38
93,78
58,46
52,100
68,63
59,36
65,7
10,27
82,87
19,20
90,70
38,83
8,63
52,16
84,62
75,28
52,64
35,22
87,9
4,37
98,36
37,47
16,95
68,59
44,81
84,25
37,29
82,93
93,48
76,41
96,62
62,9
68,18
2,68
56,6
51,2
77,31
36,69
6,74
51,34
65,58
95,10
62,24
31,20
47,98
75,12
53,31
79,7
19,9
27,2
44,95
44,91
79,72
62,81
31,74
68,98
94,22
9,49
68,23
41,84
80,27
1,84
19,75
6,3
18,16
30,48
32,62
25,37
40,22
27,81
5,48
40,25
75,47
50,10
70,18
68,92
49,90
5,29
8,99
31,99
91,96
81,51
49,66
1,35
84,12
93,64
15,76
19,24
55,54
21,94
43,6
56,84
36,14
46,99
38,6
40,39
38,32
85,99
12,6
58,97
44,78
22,99
57,3
31,89
82,53
89,83
39,32
90,92
42,49
78,11
20,45
1,22
76,51
79,38
25,28
95,47
73,63
56,55
46,79
22,47
4,98
98,2
26,28
38,7
98,40
13,36
64,88
11,53
75,58
26,92
38,17
11,30
64,57
21,76
52,23
26,26
54,13
48,58
84,45
8,62
16,46
87,13
15,63
69,69
50,94
58,58
21,70
87,24
33,87
7,60
46,18
33,99
87,92
30,10
38,11
13,2
21,77
86,84
36,79
68,66
97,1
55,80
42,17
83,82
86,47
99,42
59,28
90,21
94,75
66,65
74,53
66,78
25,97
15,11
97,45
50,96
10,94
40,77
86,41
57,35
39,56
50,66
24,29
86,95
66,46
57,21
80,76
94,79
74,31
92,85
80,86
63,62
84,36
25,59
45,59
53,12
7,3
78,62
57,7
46,37
11,84
24,52
97,78
61,72
52,25
43,86
27,56
52,8
62,16
37,41
4,28
48,31
9,76
69,85
47,82
7,33
32,40
74,39
43,40
86,98
78,64
66,76
15,71
28,15
84,8
47,21
56,10
66,79
3,60
10,30
74,24
68,87
90,59
3,39
49,8
24,10
76,91
78,59
12,99
63,29
11,8
39,54
42,13
25,50
80,46
41,70
99,50
1,36
32,47
71,56
44,74
51,62
38,28
74,64
55,20
37,25
87,5
41,83
68,13
42,57
74,38
87,71
18,44
17,27
37,96
59,26
54,26
71,75
85,22
66,88
20,38
84,52
75,6
100,65
67,68
96,50
19,79
56,57
74,16
82,63
3,71
47,68
79,6
100,33
36,97
26,15
55,95
44,45
99,71
75,32
28,27
10,23
8,76
96,34
15,99
99,56
62,12
57,54
39,23
36,64
90,68
68,22
28,59
67,41
83,87
90,38
22,23
74,73
28,20
41,7
76,58
15,18
68,97
52,74
61,33
65,19
20,30
33,45
63,38
84,50
97,85
46,51
5,87
100,96
93,74
94,93
83,50
25,66
45,60
94,53
42,5
23,6
7,24
43,77
15,26
95,58
83,33
84,89
58,61
67,19
86,56
46,49
53,79
58,6
61,43
31,67
36,30
1,100
5,98
26,94
49,57
6,25
39,13
57,55
34,64
77,33
35,56
17,92
33,22
73,4
53,88
61,65
30,69
12,8
83,30
42,82
59,41
68,54
80,93
79,96
47,53
83,12
57,40
61,53
67,82
28,4
80,85
28,71
89,64
22,34
63,9
47,71
6,97
6,4
82,57
100,35
53,35
60,13
62,52
14,57
32,90
83,72
92,74
32,87
29,40
48,76
26,76
46,55
10,97
14,23
59,69
7,4
84,84
12,85
13,24
68,14
78,10
81,40
11,44
20,19
66,56
69,14
6,48
26,61
50,3
30,95
12,97
100,82
94,86
66,22
42,81
11,15
39,58
57,29
20,21
79,19
22,50
81,15
81,89
3,20
23,1
93,13
93,6
81,17
30,41
66,29
57,58
8,23
36,45
91,99
62,71
84,81
45,39
95,98
49,47
20,85
56,75
48,66
73,77
58,15
75,15
65,50
43,20
66,39
8,79
32,88
16,91
48,11
87,55
85,71
55,13
41,86
31,59
86,19
61,16
67,90
86,59
32,51
40,67
33,55
77,92
89,56
69,24
9,40
49,7
94,60
38,10
33,39
99,60
63,96
98,37
82,98
79,41
16,9
37,38
98,12
11,65
14,43
41,42
75,80
93,100
73,94
81,88
80,48
53,98
88,47
72,35
22,48
89,40
52,34
21,71
42,73
4,76
47,47
2,97
54,18
87,3
74,99
24,51
58,77
4,68
49,72
97,5
74,20
45,46
74,40
55,29
96,97
34,43
21,11
26,99
18,65
15,46
82,29
23,28
74,76
29,1
71,38
16,55
87,64
22,35
29,77
39,76
29,57
80,61
97,80
59,45
64,7
53,51
33,61
64,86
74,29
78,27
37,50
65,2
81,47
92,37
58,93
3,83
48,82
7,50
33,35
22,43
75,23
89,31
26,6
53,71
89,77
63,92
24,1
92,96
89,86
15,56
41,9
87,30
17,12
27,16
67,67
30,9
59,31
66,14
70,59
49,58
41,3
27,79
85,58
23,22
13,39
12,88
84,97
52,19
1,78
19,86
68,91
11,80
30,5
80,16
100,27
25,40
82,27
50,24
30,93
26,46
8,13
32,55
91,34
70,99
55,33
47,9
82,11
34,26
19,10
49,25
82,43
98,15
33,73
68,61
68,40
46,67
90,43
21,25
74,2
17,35
17,88
20,37
44,75
33,50
99,34
33,49
88,51
20,93
21,42
35,96
32,50
74,78
95,25
41,92
17,43
75,91
34,5
54,75
74,7
67,59
64,4
86,3
79,94
7,34
53,86
43,3
80,31
95,23
50,59
59,39
94,98
39,17
27,43
98,92
54,33
35,16
84,92
53,54
98,13
37,68
100,51
69,12
51,86
60,10
57,95
59,96
71,1
98,74
32,60
80,43
46,39
47,61
99,80
25,21
99,24
86,74
28,10
15,31
44,61
16,79
21,78
19,4
59,14
91,75
5,39
20,54
36,12
97,54
2,30
56,14
68,20
37,1
53,45
26,13
45,53
66,59
99,97
21,60
77,60
6,50
93,83
97,7
76,4
63,57
96,86
49,26
32,15
13,3
9,81
49,10
57,45
23,50
42,7
68,79
96,76
47,88
96,2
41,63
42,58
40,86
55,35
21,31
46,98
100,20
88,31
72,2
42,45
44,15
6,63
60,80
76,78
35,70
19,23
26,90
43,38
62,91
89,98
14,95
45,75
85,9
69,66
79,71
55,16
58,1
45,98
77,44
40,72
58,32
14,49
95,79
5,40
54,46
70,42
7,20
17,50
78,53
20,68
90,82
77,89
7,98
94,40
63,58
60,39
14,98
41,87
64,13
29,32
48,62
7,85
47,18
49,92
58,99
61,47
82,99
5,91
26,51
77,23
78,19
40,23
33,47
16,56
67,74
80,72
56,89
4,46
37,20
77,68
58,74
12,69
30,68
82,42
37,79
78,49
93,72
42,99
16,52
64,80
61,62
53,34
2,50
43,100
98,76
47,3
83,15
84,39
72,81
57,89
19,6
65,90
27,77
60,15
82,18
15,7
85,15
59,1
31,29
78,35
45,52
97,71
58,29
84,28
69,44
30,53
65,42
43,94
100,68
21,26
42,43
83,32
8,46
1,63
27,55
5,26
69,91
36,33
70,14
46,4
2,13
28,90
2,42
25,73
38,60
13,63
90,34
17,55
90,62
5,61
79,4
47,60
78,42
11,96
81,19
22,51
69,50
12,89
65,33
93,38
82,38
99,48
60,34
95,26
43,64
36,39
14,59
58,42
49,3
94,85
31,3
13,29
78,81
22,32
20,77
42,25
4,86
97,18
2,8
49,91
61,48
47,67
59,2
49,49
50,25
94,81
35,50
36,26
89,48
87,99
4,59
40,84
3,79
27,51
37,86
7,7
99,31
18,64
58,90
40,21
6,35
33,75
80,9
28,66
11,43
11,61
17,10
70,52
77,67
46,58
11,78
35,30
81,54
18,66
23,7
11,28
50,40
1,3
2,32
30,88
41,8
37,8
40,62
9,47
57,84
1,44
10,89
86,55
51,37
73,65
26,56
96,44
43,10
19,57
92,44
70,27
33,7
37,54
98,97
99,36
45,64
59,20
86,10
82,86
76,79
60,61
35,67
69,81
60,38
91,2
